question_id,question,finetuned_answer,finetuned_score,finetuned_evaluation,original_answer,original_score,original_evaluation,score_difference,improvement
1,"CREATE TABLE Customers (
    CustomerID INT PRIMARY KEY,
    FirstName VARCHAR(255),
    LastName VARCHAR(255),
    Email VARCHAR(255)
);","CREATE TABLE Customers (
    CustomerID INT PRIMARY KEY,
    FirstName VARCHAR(255),
    LastName VARCHAR(255),
    Email VARCHAR(255)
);

This SQL query creates a new table called 'Customers' with the following columns:

- CustomerID: A unique identifier for each customer.
- FirstName: The first name of the customer.
- LastName: The last name of the customer.
- Email: The email address of the customer.

The PRIMARY KEY constraint ensures that each customer's data is unique.",8,"Score: 8

Explanation: The answer is technically correct in terms of the SQL syntax and the explanation of the columns and primary key. However, it could be improved by: 

*  Mentioning the data types of each column explicitly (e.g., `VARCHAR(255)` for strings). While common practice, explicitly stating the data types improves clarity.
* Briefly discussing the potential implications of the `PRIMARY KEY` constraint, such as enforcing data integrity and facilitating efficient data retrieval.  



Let me know if you'd like me to elaborate on any aspect of SQL or table creation!","user
CREATE TABLE Customers (
    CustomerID INT PRIMARY KEY,
    FirstName VARCHAR(255),
    LastName VARCHAR(255),
    Email VARCHAR(255)
);assistant
To create a table named `Customers` with the specified columns, you would typically use the following SQL command:

```sql
CREATE TABLE Customers (
    CustomerID INT PRIMARY KEY,
    FirstName VARCHAR(255),
    LastName VARCHAR(255),
    Email VARCHAR(255)
);
```

However, since you've used `INT` for the `CustomerID` column, I'll assume you're using MySQL, as it is the most commonly used database management system for this scenario. Here's the corrected SQL command:

```sql
CREATE TABLE Customers (
    CustomerID INT AUTO_INCREMENT PRIMARY KEY,
    FirstName VARCHAR(255),
    LastName VARCHAR(255),
    Email VARCHAR(255)
);
```

In MySQL, `AUTO_INCREMENT` is used to auto-increment the value of the `CustomerID` column. 

Note that `INT` is not a valid data type in MySQL. `INT` is a data type for whole numbers. If you want to use a `BIGINT` or `TINYINT` for the `CustomerID` column, you can replace `INT` with `BIGINT` or `TINYINT` respectively. 

Here's the corrected SQL command:

```sql
CREATE TABLE Customers (
    CustomerID BIGINT AUTO_INCREMENT PRIMARY KEY",6,"Score: 6

Explanation: The assistant recognizes the correct SQL structure for creating a table. However, it makes several errors:

* **Incorrect assumption about INT:** It claims `INT` is not valid in MySQL, which is wrong. `INT` is a valid data type in MySQL. 
* **Unnecessary `BIGINT` and `TINYINT` suggestions:**  While `BIGINT` and `TINYINT` exist, suggesting them without context is misleading. The appropriate data type depends on the expected range of `CustomerID` values.
* **Missing Comments:**  Adding comments explaining the purpose of `AUTO_INCREMENT` and `PRIMARY KEY` would significantly enhance the answer's clarity and educational value.



The assistant demonstrates some understanding but needs refinement in its accuracy and guidance.",2,Better
2,"INSERT INTO Customers (CustomerID, FirstName, LastName, Email) VALUES
(1, 'John', 'Doe', 'john.doe@example.com'),
(2, 'Jane', 'Smith', 'jane.smith@example.com'),
(3, 'David', 'Lee', 'david.lee@example.com');","INSERT INTO Customers (CustomerID, FirstName, LastName, Email) VALUES
(1, 'John', 'Doe', 'john.doe@example.com'),
(2, 'Jane', 'Smith', 'jane.smith@example.com'),
(3, 'David', 'Lee', 'david.lee@example.com');

This SQL query inserts a new customer record with the provided customer information into the Customers table. The values are inserted in the order they are defined, so the first customer record has CustomerID 1, the second 2, and the third 3.",9,"Score: 9
Explanation: 

The answer is nearly perfect. It correctly identifies the query as an `INSERT` statement and accurately describes its function. 

A minor improvement would be to mention that this query assumes the `CustomerID` column is defined as an integer and serves as a primary key, thus enforcing uniqueness for each customer.","user
INSERT INTO Customers (CustomerID, FirstName, LastName, Email) VALUES
(1, 'John', 'Doe', 'john.doe@example.com'),
(2, 'Jane', 'Smith', 'jane.smith@example.com'),
(3, 'David', 'Lee', 'david.lee@example.com');assistant
You can insert multiple rows into a table like this:

```sql
INSERT INTO Customers (CustomerID, FirstName, LastName, Email)
VALUES
(1, 'John', 'Doe', 'john.doe@example.com'),
(2, 'Jane', 'Smith', 'jane.smith@example.com'),
(3, 'David', 'Lee', 'david.lee@example.com'),
(4, 'Emily', 'Johnson', 'emily.johnson@example.com');
```

Alternatively, you can also use a single INSERT statement with multiple values like this:

```sql
INSERT INTO Customers (CustomerID, FirstName, LastName, Email)
VALUES (1, 'John', 'Doe', 'john.doe@example.com'),
       (2, 'Jane', 'Smith', 'jane.smith@example.com'),
       (3, 'David', 'Lee', 'david.lee@example.com'),
       (4, 'Emily', 'Johnson', 'emily.johnson@example.com');
```

Note that the `INSERT INTO` statement must have the same number of values as the number of columns in the table.",7,"Score: 7
Explanation: The answer correctly identifies that the provided SQL statement is valid for inserting multiple rows. 

However, it could be improved by:

* **Clarifying the difference between the two methods:** While both methods achieve the same result, the explanation doesn't explicitly highlight the difference between inserting multiple rows as separate statements versus using a single statement with multiple values.  
* **Avoiding unnecessary repetition:** Adding another example row with ""Emily, Johnson"" seems redundant and doesn't significantly contribute to the explanation. 


The answer is good but could be made more precise and concise.",2,Better
3,How many customers are in the Customers table?,"SELECT COUNT(*) FROM Customers;

This SQL query counts the number of rows in the Customers table.",10,"Score: 10
Explanation: The answer is perfectly correct and complete. 

`SELECT COUNT(*) FROM Customers;` is the standard SQL query to count the number of rows in a table. `COUNT(*)` counts all rows regardless of whether they have NULL values in any column.  


Let me know if you have any other SQL questions!","user
How many customers are in the Customers table?assistant
I don't have any information about a Customers table. Can you please provide more context or clarify which Customers table you are referring to?",4,"Score: 4
Explanation: While the assistant acknowledges the question, it fails to provide the actual SQL query to count the customers.  It also expresses a lack of information about the table, making a correct statement about the table's existence and contents impossible. A better response would have either: 

1. Asked for clarifications about the database schema or table name if needed and then provided a query like `SELECT COUNT(*) FROM Customers;`.
2.  If unsure about the table's existence, it could have stated that and asked for confirmation before attempting to answer.",6,Better
4,"CREATE TABLE Products (
    ProductID INT PRIMARY KEY,
    ProductName VARCHAR(255),
    Price DECIMAL(10,2)
);","CREATE TABLE Products (
    ProductID INT PRIMARY KEY,
    ProductName VARCHAR(255),
    Price DECIMAL(10,2)
); 

This SQL query creates a table named ""Products"" with three columns: ProductID, ProductName, and Price. The data types for these columns are as follows:
- ProductID: An integer data type
- ProductName: A string data type with a maximum length of 255 characters
- Price: A decimal data type with a maximum length of 10 digits and 2 decimal places.",9,"Score: 9
Explanation: The answer is almost perfect.  

It correctly identifies the table name and column definitions, including the data types and constraints. The only minor issue is the lack of a brief explanation of the PRIMARY KEY constraint on ProductID. 


Adding a sentence like ""ProductID is set as the primary key, ensuring each product has a unique identifier"" would make the explanation more complete.","user
CREATE TABLE Products (
    ProductID INT PRIMARY KEY,
    ProductName VARCHAR(255),
    Price DECIMAL(10,2)
);assistant
Here is the corrected code:

```sql
CREATE TABLE Products (
    ProductID INT PRIMARY KEY,
    ProductName VARCHAR(255) NOT NULL,
    Price DECIMAL(10,2) NOT NULL
);
```

Explanation of changes:
- The semicolon at the end of the first line is removed to allow for a more concise syntax.
- The `NOT NULL` constraint is added to the `ProductName` and `Price` columns to specify that these columns must have a value for every record in the table.",4,"Score: 4
Explanation: The assistant's response identifies the need for `NOT NULL` constraints, which is a crucial aspect for ensuring data integrity. However, the claim about removing the semicolon for ""concise syntax"" is incorrect. Semicolons are essential for terminating SQL statements, and removing them would lead to syntax errors.",5,Better
5,"INSERT INTO Products (ProductID, ProductName, Price) VALUES
(1, 'Laptop', 1200.00),
(2, 'Mouse', 25.00),
(3, 'Keyboard', 75.00);","INSERT INTO Products (ProductID, ProductName, Price) VALUES
(1, 'Laptop', 1200.00),
(2, 'Mouse', 25.00),
(3, 'Keyboard', 75.00);

This SQL query inserts three rows into the Products table. Each row represents a product with a unique ProductID, ProductName, and Price.",10,"Score: 10
Explanation: The answer is a perfect replication of the correct SQL query. It accurately describes what the query does: inserts three new products into the Products table with their respective ID, name, and price.","user
INSERT INTO Products (ProductID, ProductName, Price) VALUES
(1, 'Laptop', 1200.00),
(2, 'Mouse', 25.00),
(3, 'Keyboard', 75.00);assistant
You can't directly insert data into a table in MySQL. To insert data into a table, you need to use the `INSERT INTO` statement. Here's how you can do it:

```sql
INSERT INTO Products (ProductID, ProductName, Price)
VALUES (1, 'Laptop', 1200.00),
       (2, 'Mouse', 25.00),
       (3, 'Keyboard', 75.00);
```

However, if you want to insert multiple rows at once, you can use a single `INSERT INTO` statement with multiple values:

```sql
INSERT INTO Products (ProductID, ProductName, Price)
VALUES
(1, 'Laptop', 1200.00),
(2, 'Mouse', 25.00),
(3, 'Keyboard', 75.00);
```

Note that the values are separated by commas and separated by commas in the VALUES clause, not by commas within each value. 

If you want to insert a single row with a single value, you can use a separate `INSERT INTO` statement for each value:

```sql
INSERT INTO Products (ProductID, ProductName, Price)
VALUES (1, 'Laptop', 1200.00),
       (",4,"Score: 4

Explanation: While the assistant correctly identifies the `INSERT INTO` statement and provides the basic syntax for inserting data, it's misleading to say that you can't directly insert data. The user's input is valid SQL syntax.  

The assistant also repeats information unnecessarily and doesn't fully address the multiple-row insertion. It suggests separate `INSERT INTO` statements for single values, which isn't the most efficient way.",6,Better
6,What is the total price of all products?,"To provide the total price of all products, I need to know the current prices of the products. If you provide them, I can calculate the total price.

Please provide the current prices of the products, and I'll be happy to help.",3,"Score: 3

Explanation: The answer is partially correct in acknowledging the need for product prices to calculate the total. However, it completely avoids providing a SQL solution, which is the expected answer for a SQL-related question.  Instead, it requests the user to provide the data, making it more of a data input request than a demonstration of SQL query writing. 


 A better answer would provide a sample SQL query (like `SELECT SUM(price) FROM products;`) and explain how it works.","user
What is the total price of all products?assistant
I don't have any information about the products you are referring to, and I don't have any context about the price of those products. Can you please provide more details about the products and their prices? I'll do my best to help you with your question.",1,"Score: 1
Explanation: The answer does not provide a solution to the SQL query. Instead, it requests more information from the user, which is not necessary to answer the question. A correct answer would involve writing a SQL query, such as `SELECT SUM(price) FROM products;`  assuming there is a table named ""products"" with a column named ""price"".",2,Better
7,"CREATE TABLE Orders (
    OrderID INT PRIMARY KEY,
    CustomerID INT,
    OrderDate DATE,
    FOREIGN KEY (CustomerID) REFERENCES Customers(CustomerID)
);","CREATE TABLE Orders (
    OrderID INT PRIMARY KEY,
    CustomerID INT,
    OrderDate DATE,
    FOREIGN KEY (CustomerID) REFERENCES Customers(CustomerID)
); is a SQL statement that creates a table named 'Orders' with the following columns:

- OrderID: A unique identifier for each order
- CustomerID: The ID of the customer who placed the order
- OrderDate: The date the order was placed

The FOREIGN KEY (CustomerID) REFERENCES Customers(CustomerID) statement establishes the relationship between the 'Orders' table and the 'Customers' table, where the 'CustomerID' in the 'Orders' table corresponds to the 'CustomerID' in the 'Customers' table. This establishes a one-to-one relationship between the 'Orders' table and the 'Customers' table.",8,"Score: 8
Explanation: The answer correctly identifies the columns and their purpose, and accurately describes the foreign key relationship. However, it mistakenly states that the relationship is one-to-one.  A `CustomerID` in Orders could theoretically correspond to multiple Orders. This makes the relationship one-to-many.","user
CREATE TABLE Orders (
    OrderID INT PRIMARY KEY,
    CustomerID INT,
    OrderDate DATE,
    FOREIGN KEY (CustomerID) REFERENCES Customers(CustomerID)
);assistant
**Corrected SQL Code**

```sql
CREATE TABLE Orders (
    OrderID INT PRIMARY KEY,
    CustomerID INT,
    OrderDate DATE,
    FOREIGN KEY (CustomerID) REFERENCES Customers(CustomerID)
);
```

**Explanation**

In SQL, the correct syntax for establishing a foreign key relationship is by specifying the `ON DELETE` and `ON UPDATE` clauses. The `ON DELETE` clause specifies what action should be taken when the referenced record is deleted, and the `ON UPDATE` clause specifies what action should be taken when the referenced record is updated.

In this corrected version, the `ON DELETE` clause is `ON DELETE CASCADE`, which means that when an order is deleted, all related orders (i.e., orders that are still in the database) will also be deleted.

The `ON UPDATE` clause is not necessary in this case, as the relationship is a many-to-many relationship, which is typically denoted by a composite primary key (e.g., `CustomerID` and `OrderID`).

**Example Use Case**

Suppose we have a `Customers` table with the following structure:

```sql
CREATE TABLE Customers (
    CustomerID INT PRIMARY KEY,
    Name VARCHAR(50)
);
```

We can insert some sample data into",4,"Score: 4
Explanation: The answer correctly identifies the SQL code but provides incorrect and misleading information about foreign key constraints. 

Here's why:

* **`ON DELETE`/`ON UPDATE` are not always required:** The provided answer states they are necessary but this is untrue for basic foreign key relationships.  They are optional and only used when you want to define specific actions to take upon changes to the referenced data.
* **`ON DELETE CASCADE` is not always appropriate:**  While `CASCADE` is an option, other actions like `RESTRICT`, `SET NULL` or `SET DEFAULT` might be more suitable depending on the database design and business rules.

* **Many-to-Many relationships:** The explanation about many-to-many relationships is inaccurate. A `Customer` may have many `Orders`, and an `Order` belongs to one `Customer`. This is a one-to-many relationship, not many-to-many.  Many-to-many relationships require a junction table. 


The answer should focus on explaining how foreign keys enforce referential integrity and how to choose appropriate actions for `ON DELETE`/`ON UPDATE`.",4,Better
8,"INSERT INTO Orders (OrderID, CustomerID, OrderDate) VALUES
(101, 1, '2023-03-01'),
(102, 2, '2023-03-02'),
(103, 1, '2023-03-03');","INSERT INTO Orders (OrderID, CustomerID, OrderDate) VALUES (101, 1, '2023-03-01'), (102, 2, '2023-03-02'), (103, 1, '2023-03-03');

This SQL query inserts three new records into the Orders table, each with a unique OrderID, CustomerID, and OrderDate.",9,"Score: 9
Explanation: The SQL query is syntactically correct and functionally sound. It accurately inserts three new records into the Orders table with the specified data.  There is no significant improvement that could be made to the answer itself. 


Minor note: While the provided explanation is accurate, it could be slightly more detailed. It could mention things like the order in which the columns are listed in the `VALUES` clause matching the order of columns in the `INSERT INTO` clause, or briefly touch upon the use of single quotes around the `OrderDate` values, which indicates that it's a string data type.","user
INSERT INTO Orders (OrderID, CustomerID, OrderDate) VALUES
(101, 1, '2023-03-01'),
(102, 2, '2023-03-02'),
(103, 1, '2023-03-03');assistant
INSERT INTO Orders (OrderID, CustomerID, OrderDate) VALUES
(101, 1, '2023-03-01'),
(102, 2, '2023-03-02'),
(103, 1, '2023-03-03');

There are no changes made to the existing data.",10,"Score: 10
Explanation: The answer is excellent.  It correctly replicates the  `INSERT` statement provided in the question. It also accurately points out that there are no changes made to existing data as this is a new data insertion.",-1,Worse
9,What is the earliest order date in the Orders table?,"To find the earliest order date in the Orders table, we can use the SQL query:

SELECT MIN(OrderDate) FROM Orders;

This query uses the MIN function to find the minimum value in the OrderDate column, which represents the earliest order date.",10,"Score: 10
Explanation: The answer is perfectly correct and complete. It accurately identifies the SQL query `SELECT MIN(OrderDate) FROM Orders;` to find the earliest order date and explains the function of the `MIN()` function in this context.  Nothing is missing.","user
What is the earliest order date in the Orders table?assistant
This conversation has just begun. I don't have any context about the Orders table. Can you provide more information about the table?",7,"Score: 7 
Explanation:  The answer acknowledges the lack of context and requests clarification. However, it could be improved by providing a basic SQL query example to demonstrate how to find the earliest order date once the table structure is known.",3,Better
10,"CREATE TABLE OrderItems (
    OrderItemID INT PRIMARY KEY,
    OrderID INT,
    ProductID INT,
    Quantity INT,
    FOREIGN KEY (OrderID) REFERENCES Orders(OrderID),
    FOREIGN KEY (ProductID) REFERENCES Products(ProductID)
);","CREATE TABLE OrderItems (
    OrderItemID INT PRIMARY KEY,
    OrderID INT,
    ProductID INT,
    Quantity INT,
    FOREIGN KEY (OrderID) REFERENCES Orders(OrderID),
    FOREIGN KEY (ProductID) REFERENCES Products(ProductID)
);",10,"Score: 10
Explanation: The answer is excellent. It accurately defines the `OrderItems` table with all the necessary columns: `OrderItemID` as the primary key, `OrderID`, `ProductID`, and `Quantity`. It correctly specifies foreign keys referencing `Orders` and `Products` tables, establishing the relationships.","user
CREATE TABLE OrderItems (
    OrderItemID INT PRIMARY KEY,
    OrderID INT,
    ProductID INT,
    Quantity INT,
    FOREIGN KEY (OrderID) REFERENCES Orders(OrderID),
    FOREIGN KEY (ProductID) REFERENCES Products(ProductID)
);assistant
The provided SQL code is mostly correct, but it has a syntax error. The issue is with the foreign key constraints. The correct syntax for the foreign key constraint is `FOREIGN KEY (Field Name) REFERENCES Table Name (Field Name)`.

Here's the corrected code:

```sql
CREATE TABLE OrderItems (
    OrderItemID INT PRIMARY KEY,
    OrderID INT,
    ProductID INT,
    Quantity INT,
    FOREIGN KEY (OrderID) REFERENCES Orders(OrderID),
    FOREIGN KEY (ProductID) REFERENCES Products(ProductID)
);
```

In this corrected version, I've removed the extra space after `ProductID` in the foreign key definition. This should resolve the syntax error.",8,"Score: 8
Explanation: The tutor correctly identifies the issue with the code as a syntax error in the foreign key constraints. However, the provided correction is unnecessary as the original code is syntactically correct. The tutor's explanation is clear and helpful, but the suggested correction adds unnecessary confusion.  


The original `CREATE TABLE` statement is sound.  The extra space in the foreign key definition is actually irrelevant and won't cause a syntax error. SQL is generally forgiving with whitespace.",2,Better
